{"0255.png": "w57", "2559.png": "po", "0387.png": "io", "2746.png": "pl40", "0579.png": "pl30", "3359.png": "p23", "0840.png": "pl60", "0517.png": "pne", "0208.png": "pn", "0486.png": "pn", "3447.png": "p26", "3662.png": "w57", "2058.png": "p26", "1701.png": "i4", "1158.png": "p5", "1340.png": "p5", "3333.png": "po", "0449.png": "pl80", "2908.png": "p26", "1407.png": "po", "1255.png": "pl40", "3202.png": "p26", "2672.png": "pne", "0476.png": "pl80", "2061.png": "p26", "1285.png": "ip", "2331.png": "p23", "2688.png": "w57", "2054.png": "ip", "1707.png": "pl80", "0700.png": "p5", "1041.png": "pne", "0851.png": "w57", "3579.png": "pn", "3729.png": "pl80", "1351.png": "i5", "3078.png": "p11", "0589.png": "pne", "1600.png": "pl60", "1463.png": "pl40", "3584.png": "i2", "3375.png": "io", "1309.png": "pl30", "0303.png": "p26", "3413.png": "p23", "1496.png": "p26", "3172.png": "p11", "0194.png": "pl5", "1589.png": "p5", "1960.png": "pl80", "3594.png": "p23", "2566.png": "pne", "1746.png": "po", "1854.png": "i5", "2591.png": "po", "3414.png": "ip", "2198.png": "pl50", "0973.png": "p11", "1470.png": "i4", "1490.png": "w57", "1551.png": "i4", "0590.png": "io", "3010.png": "i5", "0835.png": "i2", "3085.png": "p11", "3376.png": "ip", "1480.png": "i5", "1988.png": "pl40", "0728.png": "po", "0823.png": "i4", "0657.png": "i2", "1719.png": "w57", "2801.png": "pl40", "2758.png": "pl40", "3068.png": "pl5", "2540.png": "pl30", "3021.png": "pl50", "1177.png": "p11", "3289.png": "p11", "2832.png": "pl60", "0722.png": "pne", "2759.png": "pl5", "0860.png": "pn", "0536.png": "p23", "0101.png": "i5", "1229.png": "pn", "2488.png": "pn", "3278.png": "i4", "1765.png": "pn", "0772.png": "w57", "2829.png": "p11", "0158.png": "pn", "3465.png": "ip", "3076.png": "pne", "0390.png": "i5", "1818.png": "p5", "3128.png": "p11", "2260.png": "pl60", "1275.png": "pl80", "0339.png": "ip", "3644.png": "p11", "1747.png": "pl5", "1361.png": "pn", "3685.png": "i5", "3097.png": "p26", "2815.png": "p26", "2182.png": "po", "1984.png": "pl40", "2564.png": "pl50", "1390.png": "pl60", "1795.png": "pl30", "0373.png": "pl30", "1535.png": "p5", "0485.png": "pl40", "2027.png": "i2", "3489.png": "i4", "1363.png": "po", "1493.png": "p23", "2774.png": "p26", "0497.png": "p23", "2900.png": "pl5", "3570.png": "w57", "0696.png": "p11", "1015.png": "p5", "2065.png": "pl5", "3240.png": "pl80", "2310.png": "pne", "3320.png": "w57", "0549.png": "p26", "3367.png": "pl5", "2725.png": "pl5", "2729.png": "pne", "2517.png": "p26", "3435.png": "pl40", "2985.png": "pne", "1553.png": "pn", "1149.png": "io", "0296.png": "w57", "2335.png": "pl60", "2146.png": "p23", "1408.png": "i4", "0941.png": "pl5", "1867.png": "p23", "0028.png": "pl30", "1080.png": "pn", "2031.png": "p23", "0504.png": "i2", "1585.png": "pne", "0965.png": "pne", "1763.png": "p5", "2217.png": "io", "3705.png": "p5", "2504.png": "i4", "0226.png": "pl5", "0129.png": "pn", "3713.png": "p11", "2092.png": "pl60", "0142.png": "w57", "1389.png": "ip", "2437.png": "pl5", "3011.png": "pn", "3425.png": "w57", "2416.png": "p5", "1500.png": "w57", "0043.png": "po", "3209.png": "pl50", "2957.png": "i2", "3302.png": "p26", "1005.png": "pl40", "0347.png": "pne", "2645.png": "pl50", "2532.png": "pl60", "1140.png": "p23", "1820.png": "pl30", "1163.png": "pl50", "0040.png": "p5", "2443.png": "pl40", "3510.png": "pne", "1343.png": "pl60", "3554.png": "w57", "2663.png": "pl80", "0402.png": "w57", "0287.png": "pl60", "2179.png": "i2", "2207.png": "p5", "1328.png": "ip", "0324.png": "po", "1704.png": "po", "3031.png": "i5", "1315.png": "pl80", "3118.png": "p5", "0218.png": "i2", "0166.png": "p5", "2820.png": "ip", "1033.png": "i2", "0737.png": "i5", "0049.png": "p23", "3560.png": "pl60", "1648.png": "pl40", "2282.png": "i5", "0927.png": "pl60", "3297.png": "pl50", "1721.png": "w57", "0675.png": "i2", "2578.png": "pn", "0016.png": "pl5", "2192.png": "p26", "1630.png": "i2", "0501.png": "pl5", "0934.png": "pl50", "1258.png": "w57", "0792.png": "pl30", "0644.png": "pl60", "0377.png": "pn", "1092.png": "io", "3580.png": "p5", "1211.png": "pl50", "2771.png": "p26", "3757.png": "p11", "0209.png": "pl5", "3087.png": "pl5", "1670.png": "po", "3762.png": "p11", "1631.png": "pl60", "3033.png": "pl30", "3407.png": "p5", "1918.png": "po", "3779.png": "po", "3270.png": "p5", "1082.png": "pl40", "0949.png": "p11", "3641.png": "pl60", "2521.png": "pl80", "0338.png": "i4", "0439.png": "pl5", "3309.png": "pl80", "0541.png": "i2", "2942.png": "pl60", "0394.png": "pl50", "1789.png": "i5", "2125.png": "pl40", "3276.png": "pne", "1924.png": "io", "3259.png": "w57", "1440.png": "p5", "3330.png": "pl40", "1637.png": "pl30", "0162.png": "p26", "1896.png": "ip", "0085.png": "i4", "0147.png": "p5", "2362.png": "ip", "1121.png": "po", "2450.png": "i5", "3624.png": "pn", "2119.png": "pne", "2351.png": "i4", "1120.png": "pl50", "1494.png": "p11", "3615.png": "pl50", "1154.png": "i2", "1495.png": "p26", "3602.png": "p11", "1560.png": "pl60", "0363.png": "ip", "0863.png": "w57", "0939.png": "p23", "2265.png": "pl60", "1241.png": "p23", "3790.png": "p23", "3260.png": "io", "2922.png": "i2", "3690.png": "p11", "2015.png": "pl30", "2509.png": "po", "2531.png": "pl5", "1915.png": "pl5", "3612.png": "pl50", "1353.png": "io", "0112.png": "pn", "3263.png": "i4", "2738.png": "w57", "1708.png": "w57", "1780.png": "pl30", "3613.png": "pn", "0783.png": "pne", "2200.png": "p26", "0716.png": "i4", "0975.png": "i5", "1067.png": "p26", "0821.png": "i2", "1219.png": "i5", "2417.png": "p26", "2601.png": "w57", "0637.png": "p5", "2007.png": "pl40", "3121.png": "pl5", "0736.png": "p11", "0822.png": "ip", "0798.png": "p26", "1723.png": "p26", "2915.png": "p5", "1095.png": "i5", "0650.png": "io", "1143.png": "i5", "3219.png": "p23", "0321.png": "i2", "2530.png": "po", "3013.png": "w57", "1694.png": "ip", "2316.png": "w57", "3283.png": "pl5", "0828.png": "pl60", "1645.png": "pl50", "2399.png": "pl80", "0370.png": "pl5", "2687.png": "i5", "3197.png": "ip", "0030.png": "pn", "1615.png": "p23", "0719.png": "p5", "1595.png": "p23", "1737.png": "pl80", "3604.png": "p5", "3396.png": "pl5", "0819.png": "io", "3246.png": "pne", "0182.png": "io", "0050.png": "pl60", "0054.png": "po", "1464.png": "pl80", "1771.png": "pl80", "2895.png": "pl60", "0629.png": "ip", "2255.png": "p11", "0248.png": "i4", "2776.png": "pl30", "0631.png": "io", "3023.png": "pne", "0956.png": "pl40", "1937.png": "io", "0555.png": "pl30", "2555.png": "w57", "0531.png": "p11", "1063.png": "p23", "2112.png": "w57", "3642.png": "ip", "3454.png": "i2", "2654.png": "w57", "1693.png": "pl50", "3383.png": "i2", "2018.png": "pl40", "2135.png": "io", "3190.png": "pl50", "3365.png": "io", "1727.png": "i4", "2845.png": "i5", "1382.png": "p5", "3462.png": "po", "0933.png": "pl50", "1196.png": "pne", "3487.png": "ip", "2195.png": "pl30", "3483.png": "pl60", "1995.png": "i2", "3324.png": "pn", "0048.png": "p5", "1941.png": "pl5", "2338.png": "i2", "3668.png": "pl30", "1151.png": "p23", "0474.png": "w57", "2471.png": "pl30", "1252.png": "pl80", "1195.png": "pl30", "3736.png": "p23", "3769.png": "i2", "0304.png": "p26", "2506.png": "i5", "2965.png": "io", "1022.png": "p26", "3321.png": "pn", "1236.png": "pn", "0397.png": "po", "3307.png": "pl60", "1524.png": "pl30", "2001.png": "pl50", "2701.png": "ip", "0989.png": "i2", "2927.png": "pl50", "0725.png": "i4", "1873.png": "i5", "1381.png": "pl50", "2624.png": "pl50", "2435.png": "pl50", "1860.png": "pl30", "3592.png": "pl30", "2673.png": "i4", "1260.png": "p11", "0731.png": "pl5", "2631.png": "pl80", "3791.png": "po", "0242.png": "i4", "2682.png": "pn", "2855.png": "p5", "3236.png": "pl30", "3712.png": "i4", "1375.png": "i2", "0997.png": "pl5", "0576.png": "p23", "3369.png": "ip", "1928.png": "pl50", "3614.png": "pne", "3695.png": "i4", "3226.png": "po", "0600.png": "i5", "2147.png": "p5", "0479.png": "i4", "1688.png": "pl5", "3523.png": "pl50", "1907.png": "pl50", "2456.png": "pl40", "1821.png": "pl5", "2129.png": "pl60", "2448.png": "pl5", "0146.png": "pn", "3382.png": "pl30", "0897.png": "pn", "0815.png": "pl5", "0830.png": "pne", "1476.png": "i5", "2467.png": "i2", "2348.png": "pl40", "2901.png": "pl30", "1466.png": "po", "1871.png": "i5", "3106.png": "i5", "2615.png": "p11", "1625.png": "pl80", "0179.png": "p11", "0123.png": "io", "0151.png": "io", "2157.png": "ip", "2700.png": "pl30", "3116.png": "po", "2493.png": "pl5", "0750.png": "p26", "2844.png": "io", "2382.png": "pl30", "2168.png": "w57", "0785.png": "p11", "3267.png": "pl50", "3543.png": "pl80", "2709.png": "po", "1624.png": "pl30", "1423.png": "pl50", "2136.png": "po", "2660.png": "p26", "1025.png": "i2", "2609.png": "p5", "2271.png": "pl50", "1253.png": "i4", "1038.png": "i2", "3482.png": "p23", "1532.png": "po", "2617.png": "po", "0537.png": "pl30", "2662.png": "p23", "2104.png": "pl5", "1247.png": "io", "1970.png": "pl40", "3161.png": "pl60", "1601.png": "pl50", "0584.png": "pn", "2550.png": "i5", "3758.png": "p5", "3669.png": "pl40", "0618.png": "io", "1051.png": "i5", "1740.png": "io", "2036.png": "pne", "2814.png": "i2", "1269.png": "pne", "0988.png": "io", "0265.png": "ip", "1916.png": "i2", "1963.png": "p5", "1254.png": "p11", "1187.png": "ip", "3000.png": "pl60", "1245.png": "i2", "2786.png": "w57", "2128.png": "p5", "3018.png": "i5", "0886.png": "pl5", "0089.png": "pl80", "0853.png": "pl40", "0614.png": "pl80", "3295.png": "pl40", "1206.png": "i5", "3742.png": "pl30", "3047.png": "pl50", "3494.png": "p5", "1035.png": "pl5", "1427.png": "io", "2175.png": "pl30", "1341.png": "i4", "3346.png": "po", "2597.png": "i4", "3539.png": "pl5", "0181.png": "p11", "2454.png": "i5", "0120.png": "p23", "3577.png": "i4", "1283.png": "i5", "3540.png": "i4", "0921.png": "p5", "2612.png": "i2", "2950.png": "i4", "1019.png": "pn", "3185.png": "pl30", "0444.png": "i4", "3590.png": "pl80", "1836.png": "p23", "1386.png": "pl40", "2657.png": "pl40", "3212.png": "po", "3146.png": "po", "1605.png": "pl50", "3643.png": "p26", "0222.png": "pl40", "0663.png": "p5", "1048.png": "pl5", "0427.png": "i4", "1690.png": "pl80", "3766.png": "p5", "1750.png": "i5", "3227.png": "p5", "0781.png": "pl60", "2653.png": "io", "0568.png": "pl30", "0935.png": "i5", "3043.png": "i2", "3039.png": "pl40", "1050.png": "p26", "1979.png": "pl50", "0859.png": "pl5", "3308.png": "ip", "2962.png": "pl40", "0762.png": "pne", "2019.png": "p26", "0715.png": "pn", "3377.png": "p11", "1680.png": "p26", "0852.png": "pl60", "2553.png": "pl50", "2035.png": "p5", "0483.png": "i2", "1817.png": "io", "1246.png": "p23", "3418.png": "ip", "0597.png": "pne", "0096.png": "io", "2422.png": "i2", "1179.png": "p23", "1996.png": "pl40", "1805.png": "pl50", "0703.png": "po", "0022.png": "p5", "0878.png": "i5", "0003.png": "p23", "1848.png": "pl40", "2000.png": "p23", "1268.png": "p5", "0777.png": "pn", "3499.png": "p11", "0636.png": "pl30", "0407.png": "ip", "1226.png": "i4", "1847.png": "pl80", "2108.png": "pne", "3798.png": "pne", "0676.png": "pl30", "0672.png": "p11", "3098.png": "pne", "0583.png": "p5", "0647.png": "pl80", "1471.png": "pl60", "3148.png": "p5", "0625.png": "i2", "0399.png": "p26", "2527.png": "p5", "1450.png": "io", "3782.png": "w57", "2026.png": "p23", "2602.png": "p26", "1945.png": "pl5", "1159.png": "p5", "0058.png": "pl30", "3184.png": "pl5", "0187.png": "pl50", "1405.png": "i5", "0697.png": "pl40", "0100.png": "i5", "3765.png": "pl80", "3323.png": "p5", "0945.png": "pl40", "2206.png": "po", "0341.png": "i5", "0741.png": "i4", "1270.png": "i5", "1056.png": "p5", "3524.png": "p23", "0064.png": "io", "1344.png": "p26", "1773.png": "po", "3401.png": "p11", "2482.png": "i2", "0928.png": "po", "2495.png": "po", "3284.png": "pl40", "1128.png": "pl50", "1519.png": "pl30", "1372.png": "pne", "3374.png": "p23", "2592.png": "w57", "1251.png": "pl5", "0505.png": "ip", "0805.png": "po", "2068.png": "pl50", "2752.png": "w57", "1027.png": "ip", "3437.png": "pl60", "1798.png": "p26", "3137.png": "pne", "3002.png": "p26", "2710.png": "pne", "0459.png": "pn", "1314.png": "p26", "1826.png": "ip", "3203.png": "pl60", "0210.png": "p5", "2809.png": "i4", "2674.png": "p11", "0867.png": "pl40", "1782.png": "p23", "3132.png": "pl40", "0753.png": "i4", "1629.png": "pn", "0758.png": "io", "2581.png": "i2", "0027.png": "pl30", "0593.png": "p26", "0518.png": "pl30", "0643.png": "i5", "2111.png": "pl80", "2681.png": "i4", "3292.png": "pl30", "1310.png": "p26", "2084.png": "pn", "3731.png": "i4", "3788.png": "i4", "3700.png": "pl50", "2169.png": "po", "2991.png": "pne", "1507.png": "pl80", "3395.png": "i4", "2252.png": "p11", "0092.png": "pl40", "0669.png": "pn", "3557.png": "i4", "2009.png": "pl60", "1980.png": "io", "3562.png": "i2", "0996.png": "ip", "0747.png": "i4", "1774.png": "p26", "1172.png": "pl80", "1997.png": "w57", "3370.png": "p11", "1489.png": "pne", "0020.png": "pn", "0250.png": "pl50", "0885.png": "p26", "0167.png": "pl5", "1588.png": "i4", "0566.png": "p26", "3452.png": "p23", "3412.png": "pl5", "1557.png": "pl40", "1982.png": "p26", "2055.png": "pl50", "0358.png": "pl40", "0353.png": "pl60", "2359.png": "w57", "3179.png": "pne", "2502.png": "pl60", "1280.png": "p26", "3124.png": "pl30", "2793.png": "w57", "1414.png": "i5", "2497.png": "pl30", "1754.png": "i5", "3516.png": "i5", "0098.png": "i2", "2536.png": "p26", "0195.png": "i5", "1839.png": "pl50", "2011.png": "p11", "1467.png": "i2", "2641.png": "pl60", "0435.png": "pl30", "0382.png": "p23", "0188.png": "pl5", "2349.png": "po", "0372.png": "pl60", "1825.png": "pl40", "3056.png": "ip", "0366.png": "i4", "1971.png": "p23", "0738.png": "p23", "0816.png": "pne", "2749.png": "pl50", "1830.png": "pl60", "2877.png": "pn", "1250.png": "po", "3041.png": "po", "1574.png": "i4", "3739.png": "p23", "0488.png": "po", "2966.png": "pn", "2633.png": "pl50", "3193.png": "pl5", "2429.png": "pn", "0925.png": "pl50", "1985.png": "ip", "1781.png": "i4", "2836.png": "pne", "3451.png": "p26", "1374.png": "pn", "2946.png": "pl80", "3659.png": "io", "0091.png": "pn", "0500.png": "ip", "0090.png": "pne", "0544.png": "ip", "1117.png": "io", "1834.png": "p26", "3310.png": "pl50", "0270.png": "p5", "2640.png": "pl50", "2240.png": "p26", "3166.png": "pn", "1107.png": "i5", "1931.png": "pne", "0220.png": "ip", "0230.png": "po", "2646.png": "p5", "3433.png": "pl40", "3548.png": "i5", "3538.png": "ip", "2095.png": "i2", "1977.png": "p5", "3658.png": "pl50", "3591.png": "i4", "1366.png": "ip", "1173.png": "i4", "3100.png": "ip", "2748.png": "pne", "2307.png": "p23", "3709.png": "ip", "0464.png": "io", "2012.png": "i2", "1503.png": "pn", "2938.png": "i4", "2607.png": "io", "0115.png": "i4", "0817.png": "i4", "1599.png": "pn", "0699.png": "pl30", "0582.png": "pn", "3533.png": "pl5", "0827.png": "pne", "3551.png": "p26", "2556.png": "pl80", "2144.png": "i5", "1736.png": "pl60", "2721.png": "io", "2854.png": "p23", "3558.png": "p5", "0279.png": "i2", "1626.png": "p26", "0742.png": "pl30", "1197.png": "io", "2596.png": "p23", "0388.png": "pl40", "2219.png": "p23", "1014.png": "pl80", "1790.png": "pl80", "1565.png": "pne", "1739.png": "p23", "3599.png": "i2", "0126.png": "pne", "2394.png": "io", "2603.png": "i4", "1614.png": "pl40", "2813.png": "pl30", "3549.png": "pl40", "3214.png": "pn", "1447.png": "pl50", "0161.png": "i4", "2280.png": "pl50", "1811.png": "p23", "1468.png": "pn", "1043.png": "pl60", "1636.png": "i4", "2872.png": "pl40", "1028.png": "p11", "0334.png": "p26", "3784.png": "p26", "2278.png": "pl60", "2755.png": "pl5", "2392.png": "i2", "0530.png": "pl50", "0984.png": "w57", "1145.png": "i2", "2616.png": "pl60", "2785.png": "p26", "1174.png": "io", "0623.png": "pl40", "2788.png": "p5", "1802.png": "pne", "1421.png": "p23", "0580.png": "pl60", "3421.png": "io", "1319.png": "p23", "0034.png": "i5", "1224.png": "pl40", "1566.png": "pl40", "1906.png": "io", "2490.png": "pl50", "2237.png": "i2", "1878.png": "i2", "1764.png": "p23", "0982.png": "p23", "3082.png": "po", "3515.png": "pl5", "1621.png": "io", "2557.png": "i5", "0751.png": "pl5", "3380.png": "pl80", "1487.png": "p5", "1214.png": "pne", "0400.png": "pn", "0172.png": "p5", "2526.png": "p11", "2363.png": "p11", "1770.png": "pl30", "0595.png": "p11", "2863.png": "pl50", "1185.png": "pn", "3344.png": "p11", "3660.png": "pl50", "2078.png": "pne", "0311.png": "p23", "0442.png": "p11", "0674.png": "pl50", "2203.png": "pl5", "1059.png": "pne", "3386.png": "p11", "0525.png": "po", "1800.png": "pl5", "3282.png": "pl60", "0665.png": "p5", "3371.png": "pl40", "3663.png": "p26", "0223.png": "po", "1541.png": "pl40", "2232.png": "pl60", "2866.png": "i5", "0846.png": "pl40", "1788.png": "w57", "0118.png": "i2", "0831.png": "w57", "1011.png": "i2", "3767.png": "po", "0368.png": "ip", "1436.png": "pl5", "0472.png": "i2", "2802.png": "pl60", "2404.png": "i2", "3145.png": "pl5", "2740.png": "pl60", "1286.png": "pn", "0086.png": "i5", "0495.png": "p23", "3472.png": "i4", "1855.png": "pn", "1677.png": "ip", "3637.png": "ip", "1040.png": "i5", "2103.png": "pl50", "2196.png": "io", "0281.png": "pl50", "0383.png": "io", "0586.png": "pn", "3608.png": "pl40", "2479.png": "i5", "3565.png": "pl40", "3255.png": "pl60", "1378.png": "p23", "3799.png": "pne", "2396.png": "pl30", "3364.png": "io", "1992.png": "pne", "2650.png": "i2", "3384.png": "ip", "1411.png": "i5", "0278.png": "p11", "0454.png": "pl40", "2817.png": "pl60", "0995.png": "p26", "1563.png": "pl80", "0386.png": "i2", "1620.png": "i5", "1105.png": "pn", "2283.png": "pn", "2670.png": "pl80", "3388.png": "pl30", "0186.png": "io", "2321.png": "i4", "3269.png": "pl50", "0374.png": "pl30", "3092.png": "w57", "1647.png": "pn", "1578.png": "pl40", "3144.png": "pl80", "0238.png": "io", "3618.png": "po", "0354.png": "i4", "3518.png": "i5", "1261.png": "p11", "3661.png": "i2", "2343.png": "ip", "1635.png": "p5", "3058.png": "i5", "1170.png": "pl60", "3680.png": "i2", "1044.png": "p23", "1612.png": "w57", "1568.png": "pl30", "0554.png": "po", "2131.png": "p11", "2057.png": "i5", "2371.png": "p23", "3244.png": "i4", "0735.png": "i2", "1483.png": "pl50", "3071.png": "i2", "1083.png": "i2", "0448.png": "io", "0477.png": "ip", "0480.png": "pl50", "3710.png": "i2", "0976.png": "ip", "2440.png": "io", "1868.png": "pl5", "0910.png": "po", "3429.png": "p23", "3024.png": "i2", "0670.png": "i4", "3006.png": "pne", "2397.png": "p5", "2393.png": "pl60", "2004.png": "pne", "3334.png": "pl60", "2613.png": "pl80", "0688.png": "p26", "2639.png": "w57", "2487.png": "pl60", "1058.png": "pl5", "2751.png": "ip", "0778.png": "pl80", "2477.png": "pl50", "0468.png": "p26", "0795.png": "pl40", "3286.png": "i5", "3506.png": "pl30", "0950.png": "pl50", "0842.png": "i5", "1796.png": "i5", "1188.png": "i2", "0651.png": "po", "0814.png": "i2", "0570.png": "p23", "2899.png": "pl40", "2667.png": "p11", "2159.png": "pne", "3288.png": "pne", "2565.png": "i4", "3564.png": "pl40", "2567.png": "pl30", "0038.png": "pl50", "1883.png": "ip", "1164.png": "pl5", "2444.png": "p26", "1435.png": "i2", "1940.png": "pl50", "1068.png": "pl5", "1976.png": "io", "2120.png": "pl50", "0771.png": "i2", "1365.png": "p26", "2649.png": "pl30", "0047.png": "p23", "2483.png": "p26", "2102.png": "po", "3738.png": "pne", "0305.png": "io", "2873.png": "pn", "0156.png": "p5", "2782.png": "pn", "1611.png": "i5", "3748.png": "io", "2073.png": "i2", "2689.png": "io", "0104.png": "pl50", "1766.png": "io", "3467.png": "pl80", "1130.png": "pl80", "1692.png": "i5", "0707.png": "pl80", "1417.png": "ip", "1441.png": "i4", "3350.png": "pn", "2579.png": "pl5", "3441.png": "pl30", "0588.png": "pn", "0767.png": "pl40", "2465.png": "pl50", "3578.png": "pl60", "0079.png": "p11", "2227.png": "p5", "3360.png": "io", "2044.png": "w57", "0986.png": "po", "3004.png": "pl30", "1031.png": "pl50", "3582.png": "i5", "0355.png": "p11", "1890.png": "p26", "0061.png": "i2", "2097.png": "pl5", "3271.png": "p5", "1699.png": "i2", "2243.png": "io", "3153.png": "pl50", "3793.png": "p23", "1613.png": "po", "1368.png": "w57", "0297.png": "pl80", "2779.png": "w57", "1705.png": "pl60", "1665.png": "pl80", "1745.png": "pl30", "0201.png": "p5", "2246.png": "pn", "1060.png": "ip", "1232.png": "pl30", "2734.png": "p26", "1420.png": "w57", "0029.png": "pl60", "0642.png": "p5", "1822.png": "p5", "1853.png": "i2", "1664.png": "pl60", "2680.png": "i4", "3753.png": "pl50", "0263.png": "w57", "2226.png": "ip", "0763.png": "pl5", "2684.png": "pl80", "2945.png": "p11", "2224.png": "pne", "0561.png": "p26", "1968.png": "pl80", "2059.png": "p26", "3187.png": "p11", "1438.png": "i4", "3300.png": "i2", "2391.png": "po", "0557.png": "w57", "1512.png": "pl40", "3432.png": "p11", "1643.png": "io", "0635.png": "i5", "1678.png": "pn", "0884.png": "i4", "3026.png": "pl5", "1590.png": "pl60", "1295.png": "ip", "3034.png": "p11", "0812.png": "pl5", "2910.png": "ip", "0351.png": "i4", "1069.png": "i4", "3005.png": "pl80", "2306.png": "i5", "2795.png": "p5", "2637.png": "pl60", "0858.png": "pl50", "3471.png": "pl5", "3671.png": "i4", "0619.png": "w57", "0527.png": "p26", "0655.png": "pne", "1786.png": "p23", "0829.png": "pl5", "2287.png": "pl60", "2867.png": "pn", "2330.png": "i2", "3170.png": "pl80", "3063.png": "p26", "3368.png": "pl80", "0942.png": "p11", "3304.png": "w57", "1114.png": "i4", "1106.png": "pl40", "2691.png": "pl80", "0127.png": "i2", "3165.png": "i2", "2268.png": "i2", "1126.png": "pl60", "3220.png": "p23", "3104.png": "i2", "1921.png": "pl60", "1350.png": "i2", "2737.png": "pl30", "0912.png": "pl5", "0348.png": "i5", "0492.png": "pl50", "2325.png": "p11", "3545.png": "pl50", "0240.png": "i4", "1831.png": "w57", "1278.png": "w57", "2193.png": "pl80", "0154.png": "pl40", "1768.png": "io", "0529.png": "p5", "2620.png": "ip", "2875.png": "pl30", "2024.png": "io", "0562.png": "pne", "1787.png": "pl60", "1380.png": "i4", "3180.png": "p11", "2298.png": "p11", "2538.png": "pl80", "3496.png": "p5", "2878.png": "pl50", "3764.png": "ip", "2082.png": "pl40", "0246.png": "pl5", "0409.png": "p23", "2350.png": "i2", "1123.png": "pl40", "2799.png": "pl30", "0869.png": "p26", "2010.png": "p5", "0473.png": "pl60", "3498.png": "pl80", "1533.png": "i5", "2153.png": "io", "0739.png": "i2", "2496.png": "pn", "0420.png": "pl60", "0315.png": "pl30", "0350.png": "i2", "1958.png": "pl60", "0844.png": "pl30", "1223.png": "pl50", "0371.png": "i4", "2560.png": "pl80", "3003.png": "pl30", "2796.png": "pl5", "2238.png": "ip", "0717.png": "pl60", "1623.png": "io", "0008.png": "pl5", "3746.png": "w57", "1075.png": "p26", "1081.png": "p11", "2522.png": "i5", "1545.png": "po", "2214.png": "pne", "0760.png": "pl80", "2651.png": "pl40", "3331.png": "w57", "2415.png": "p26", "2963.png": "i2", "0082.png": "pn", "1070.png": "p5", "2279.png": "pl80", "2810.png": "p11", "0138.png": "pl60", "2292.png": "w57", "2469.png": "i5", "2791.png": "po", "0784.png": "pl40", "1681.png": "i4", "0498.png": "po", "2117.png": "p23", "2039.png": "pl5", "1326.png": "pl5", "0633.png": "pn", "2563.png": "pl5", "3785.png": "pl60", "2341.png": "pl50", "1713.png": "pl60", "0344.png": "pl30", "2816.png": "pl80", "0260.png": "pl60", "1279.png": "pn", "1925.png": "i4", "1049.png": "i2", "1182.png": "po", "2414.png": "i2", "1999.png": "p23", "1052.png": "pl30", "1748.png": "i2", "1922.png": "ip", "0906.png": "pl80", "1581.png": "io", "1772.png": "i4", "3468.png": "pl60", "0424.png": "p26", "3143.png": "w57", "0866.png": "pl30", "3312.png": "p5", "0634.png": "pn", "2632.png": "p11", "2314.png": "pl60", "0564.png": "p11", "2109.png": "pl40", "0875.png": "pl30", "0456.png": "i5", "3168.png": "io", "0134.png": "p23", "2022.png": "i4", "2995.png": "p5", "0009.png": "p5", "3495.png": "pl60", "1808.png": "io", "2508.png": "p5", "1812.png": "p11", "2830.png": "io", "3796.png": "pne", "1902.png": "pl50", "0542.png": "pl40", "0981.png": "i5", "2775.png": "pl80", "2098.png": "p23", "2874.png": "io", "0994.png": "p23", "3745.png": "i4", "2459.png": "p11", "1499.png": "po", "3550.png": "io", "2458.png": "i5", "3460.png": "pl80", "0800.png": "i4", "2835.png": "pl50", "0658.png": "p23", "0756.png": "io", "3066.png": "pl80", "2953.png": "io", "2130.png": "pl5", "0136.png": "pne", "3501.png": "w57", "2030.png": "pl40", "2546.png": "ip", "1652.png": "io", "2405.png": "pl80", "2319.png": "p5", "1388.png": "ip", "1112.png": "p26", "3001.png": "pl40", "1486.png": "pl30", "0932.png": "i5", "2257.png": "pl40", "2757.png": "pl5", "2289.png": "w57", "1306.png": "pl30", "2928.png": "pl30", "3171.png": "i5", "0502.png": "po", "2498.png": "w57", "3213.png": "i2", "1899.png": "p11", "2475.png": "pn", "3349.png": "po", "1191.png": "ip", "2438.png": "pl60", "2707.png": "pne", "1935.png": "pl5", "1301.png": "pn", "0309.png": "w57", "2658.png": "po", "1510.png": "p11", "3281.png": "w57", "2534.png": "i5", "3427.png": "pl5", "2480.png": "pl60", "2037.png": "pl50", "0131.png": "pl40", "0318.png": "p23", "3335.png": "p5", "3474.png": "pl80", "1591.png": "pl30", "1085.png": "po", "3230.png": "pl40", "0491.png": "i4", "1564.png": "p23", "3162.png": "p11", "0679.png": "pn", "2072.png": "pne", "0916.png": "pl50", "0451.png": "p11", "1824.png": "io", "2295.png": "p11", "1570.png": "p5", "3012.png": "i2", "3692.png": "pl5", "3607.png": "p23", "1610.png": "p26", "1927.png": "pne", "1679.png": "p23", "3781.png": "pl5", "3536.png": "pl5", "2643.png": "pl50", "1814.png": "ip", "3217.png": "w57", "2370.png": "p11", "0833.png": "p23", "3037.png": "io", "0308.png": "pl50", "2717.png": "po", "1695.png": "p23", "1888.png": "ip", "3379.png": "i2", "3772.png": "pl30", "1801.png": "pl50", "3665.png": "pl80", "3444.png": "pl50", "3491.png": "pne", "3265.png": "io", "3337.png": "pl40", "3652.png": "po", "2150.png": "po", "1649.png": "po", "0563.png": "ip", "0706.png": "p5", "3589.png": "io", "3598.png": "i2", "2573.png": "i2", "1517.png": "p26", "0730.png": "io", "3610.png": "pl5", "0948.png": "pl80", "3699.png": "p23", "0834.png": "p26", "2336.png": "ip", "1930.png": "pl40", "0811.png": "pne", "2329.png": "p5", "2642.png": "pl40", "3204.png": "w57", "3207.png": "io", "1804.png": "pl30", "3342.png": "pl60", "3067.png": "po", "3708.png": "p5", "1657.png": "i2", "0135.png": "io", "3657.png": "i2", "1010.png": "pl40", "1181.png": "io", "2139.png": "i5", "2761.png": "pl60", "0328.png": "io", "2638.png": "ip", "0734.png": "pl30", "2189.png": "p5", "2005.png": "io", "3294.png": "pl30", "1089.png": "pl40", "3629.png": "pl40", "2045.png": "i2", "1213.png": "p26", "3620.png": "i4", "2851.png": "i5", "3053.png": "i4", "1838.png": "p5", "2595.png": "ip", "0608.png": "w57", "1216.png": "ip", "0978.png": "i5", "1404.png": "i5", "0694.png": "pne", "0392.png": "i5", "0455.png": "pl30", "0155.png": "io", "2241.png": "pl80", "2122.png": "pl5", "0695.png": "p26", "0591.png": "p11", "2432.png": "po", "1547.png": "pne", "0198.png": "pl40", "2554.png": "pl30", "1876.png": "pl5", "0883.png": "p26", "3393.png": "pl40", "3484.png": "pl50", "2792.png": "po", "1412.png": "p26", "2924.png": "pl5", "1843.png": "pl40", "0057.png": "p5", "2584.png": "w57", "1717.png": "pn", "3445.png": "po", "1434.png": "pn", "0001.png": "pne", "2514.png": "pl30", "2931.png": "w57", "3569.png": "i2", "2354.png": "i4", "2474.png": "pl5", "1134.png": "pl5", "2389.png": "i2", "1016.png": "po", "3488.png": "i4", "1516.png": "io", "0720.png": "ip", "0316.png": "io", "3111.png": "p5", "1880.png": "ip", "2225.png": "i2", "2903.png": "po", "3114.png": "io", "3142.png": "pl50", "0133.png": "po", "1668.png": "pn", "1879.png": "pl30", "2582.png": "p5", "3493.png": "pne", "1584.png": "w57", "1178.png": "p23", "3760.png": "i5", "0920.png": "pl80", "3547.png": "pne", "1271.png": "pl40", "2408.png": "i5", "2518.png": "p23", "0648.png": "pl80", "3400.png": "p11", "1744.png": "p11", "0457.png": "p11", "2029.png": "pl80", "3655.png": "pl40", "2272.png": "i5", "0080.png": "pne", "2229.png": "pne", "2373.png": "p5", "3573.png": "ip", "0748.png": "p11", "0132.png": "i4", "2847.png": "pl40", "0779.png": "pl80", "1546.png": "ip", "2971.png": "p26", "0909.png": "p5", "1567.png": "pl50", "1102.png": "pl5", "2713.png": "pn", "2377.png": "po", "0219.png": "io", "0103.png": "pne", "2308.png": "p5", "2819.png": "p23", "2286.png": "pn", "2764.png": "ip", "0241.png": "p11", "1769.png": "p5", "3141.png": "w57", "1675.png": "p26", "1009.png": "pl30", "3519.png": "pl60", "2593.png": "p23", "1791.png": "ip", "3231.png": "ip", "2116.png": "pl60", "0177.png": "pl40", "3544.png": "p5", "1469.png": "pl40", "0116.png": "pn", "3609.png": "w57", "1037.png": "pl80", "0782.png": "p5", "2683.png": "po", "1209.png": "w57", "1291.png": "w57", "0803.png": "p5", "1284.png": "p11", "3392.png": "pl60", "1644.png": "w57", "2430.png": "i4", "3008.png": "io", "0780.png": "pl60", "1039.png": "pl40", "1018.png": "p11", "1409.png": "pl50", "0217.png": "pl50", "0463.png": "pl5", "2628.png": "pne", "3726.png": "p23", "2697.png": "pl40", "0000.png": "p5", "0124.png": "pn", "3532.png": "po", "2248.png": "pl80", "0285.png": "io", "0295.png": "p23", "1222.png": "po", "3794.png": "pn", "0943.png": "io", "2982.png": "po", "3356.png": "pn", "0484.png": "pl80", "0494.png": "pl30", "3322.png": "po", "2956.png": "pn", "2798.png": "ip", "1742.png": "pl50", "2547.png": "w57", "3273.png": "pl60", "2115.png": "pn", "1505.png": "p11", "2941.png": "pl80", "2145.png": "po", "0970.png": "pl80", "0548.png": "p23", "2906.png": "po", "2327.png": "i5", "2888.png": "io", "1360.png": "pl50", "1472.png": "p23", "1886.png": "pl50", "3233.png": "p26", "2299.png": "p23", "1904.png": "pl40", "0818.png": "po", "1582.png": "pn", "2212.png": "i5", "0421.png": "i2", "1792.png": "pl40", "0273.png": "p11", "0345.png": "io", "2358.png": "io", "1577.png": "pne", "0496.png": "pl40", "1683.png": "pl60", "1161.png": "pl60", "0467.png": "p23", "2661.png": "p11", "3686.png": "i5", "2914.png": "p23", "3298.png": "p5", "1823.png": "w57", "2762.png": "pl80", "1755.png": "pl60", "3147.png": "pl80", "1969.png": "pl60", "2081.png": "io", "1706.png": "p23", "2466.png": "p26", "3768.png": "p11", "2406.png": "pne", "2312.png": "p23", "3103.png": "pl5", "3009.png": "po", "0453.png": "pl5", "1036.png": "i4", "2056.png": "pl50", "1217.png": "pn", "1523.png": "w57", "1238.png": "io", "2840.png": "pl80", "0654.png": "pl80", "1287.png": "pne", "2961.png": "i4", "1474.png": "pl5", "3251.png": "p11", "1439.png": "pl50", "0849.png": "p23", "3057.png": "p11", "2357.png": "io", "3770.png": "w57", "3353.png": "p11", "1167.png": "ip", "0578.png": "w57", "0799.png": "pl5", "3514.png": "pl5", "3258.png": "po", "3253.png": "pl30", "1536.png": "pl40", "2880.png": "pl80", "2328.png": "pl60", "1061.png": "p23", "3402.png": "pl5", "1100.png": "p5", "2181.png": "p23", "3301.png": "i5", "3313.png": "ip", "0824.png": "pl60", "0192.png": "p23", "3480.png": "io", "1169.png": "p11", "2180.png": "pn", "0991.png": "p26", "2110.png": "pne", "2376.png": "pl50", "1358.png": "po", "3160.png": "p5", "3361.png": "p5", "2188.png": "pl60", "0017.png": "pl60", "0796.png": "pl5", "3593.png": "pl80", "3737.png": "io", "1007.png": "p11", "1387.png": "pn", "2402.png": "po", "1850.png": "pl50", "2076.png": "p26", "3497.png": "p26", "3759.png": "io", "3649.png": "i5", "3224.png": "pn", "0236.png": "i4", "3042.png": "pl60", "2869.png": "io", "1989.png": "pl40", "2132.png": "i2", "3268.png": "p5", "1501.png": "pn", "3189.png": "po", "1807.png": "p5", "0569.png": "pl5", "3405.png": "pne", "2052.png": "i5", "0227.png": "i2", "2090.png": "p26", "3572.png": "pl50", "1147.png": "pne", "3470.png": "io", "1975.png": "i5", "3492.png": "p5", "2184.png": "pn", "0839.png": "pl30", "0286.png": "pl5", "2731.png": "w57", "2842.png": "pne", "1086.png": "i4", "1540.png": "i4", "1749.png": "p23", "1672.png": "i2", "3157.png": "pne", "2586.png": "p11", "2436.png": "w57", "0607.png": "pl80", "0788.png": "ip", "1166.png": "p5", "1428.png": "p11", "2619.png": "io", "1687.png": "p11", "0157.png": "ip", "0673.png": "pl80", "3152.png": "w57", "1732.png": "p23", "2996.png": "p11", "3015.png": "pl40", "2541.png": "pl50", "3061.png": "i5", "3108.png": "pne", "2947.png": "po", "2818.png": "pl40", "3682.png": "pl30", "1242.png": "i4", "0620.png": "i4", "0985.png": "pl5", "0915.png": "p23", "1531.png": "pne", "3105.png": "io", "0979.png": "io", "0204.png": "ip", "3129.png": "ip", "0426.png": "pl60", "1012.png": "pne", "2520.png": "pl50", "0535.png": "i5", "0108.png": "pl50", "0705.png": "ip", "3235.png": "pne", "0744.png": "pl80", "3083.png": "p23", "3634.png": "p26", "3155.png": "pl80", "1422.png": "pne", "0051.png": "w57", "1023.png": "w57", "3135.png": "pl40", "1475.png": "pl60", "3079.png": "po", "0396.png": "pn", "1990.png": "ip", "0702.png": "pl5", "3502.png": "pl50", "3245.png": "pl80", "3086.png": "p11", "0757.png": "pl40", "1844.png": "pne", "0143.png": "i5", "1573.png": "pl60", "1942.png": "pl50", "1777.png": "po", "1332.png": "p23", "1207.png": "pl60", "0216.png": "i4", "1312.png": "p11", "0026.png": "i5", "2529.png": "pl5", "3724.png": "pne", "1627.png": "pl60", "2896.png": "pl30", "1646.png": "ip", "1337.png": "p5", "3646.png": "pne", "0587.png": "i4", "0245.png": "po", "3409.png": "pne", "0714.png": "i4", "0638.png": "pl5", "1465.png": "p23", "1875.png": "p26", "2543.png": "ip", "2281.png": "po", "0231.png": "p26", "0283.png": "ip", "0543.png": "i5", "2355.png": "pn", "0010.png": "pl50", "2986.png": "pl5", "2516.png": "pne", "3394.png": "p26", "1509.png": "pne", "2897.png": "pne", "0062.png": "p11", "1874.png": "po", "2101.png": "pl5", "3574.png": "w57", "1933.png": "pl60", "0698.png": "p23", "3428.png": "p23", "3174.png": "pn", "1731.png": "ip", "3537.png": "p23", "0252.png": "p26", "3485.png": "i4", "0787.png": "pne", "2920.png": "i5", "1548.png": "i4", "0337.png": "pl30", "1981.png": "p26", "3653.png": "pn", "1905.png": "i5", "3315.png": "w57", "1725.png": "pl5", "3339.png": "p5", "0888.png": "p26", "2191.png": "pl30", "0419.png": "po", "3030.png": "pn", "2728.png": "po", "3797.png": "p11", "3200.png": "w57", "1118.png": "pne", "0892.png": "pl30", "2930.png": "pl60", "3363.png": "ip", "1851.png": "p11", "3478.png": "p5", "2763.png": "i4", "3507.png": "pl30", "3017.png": "io", "2276.png": "pl30", "3241.png": "p5", "3036.png": "p23", "0838.png": "pl5", "2742.png": "i4", "0508.png": "p11", "1057.png": "p23", "1225.png": "pl40", "0331.png": "io", "3065.png": "i4", "2275.png": "i4", "3110.png": "pl30", "0962.png": "p23", "2284.png": "io", "2063.png": "po", "1155.png": "po", "1416.png": "pn", "1221.png": "pne", "0408.png": "p23", "0640.png": "pl50", "2824.png": "i4", "2999.png": "io", "3096.png": "io", "1641.png": "p23", "2158.png": "io", "3332.png": "pl40", "3606.png": "pl30", "2041.png": "pn", "1504.png": "pl50", "0574.png": "pl60", "0173.png": "p26", "0087.png": "pl5", "0441.png": "pne", "3340.png": "p5", "0431.png": "pl5", "2379.png": "p26", "1550.png": "w57", "2067.png": "w57", "0621.png": "pl40", "1667.png": "pl60", "2611.png": "i4", "3133.png": "pne", "0552.png": "pl80", "0999.png": "pl60", "1401.png": "i4", "1298.png": "pl30", "0168.png": "p5", "3391.png": "io", "1127.png": "i4", "3410.png": "p11", "2935.png": "pl40", "0367.png": "i5", "2481.png": "i5", "1349.png": "i2", "1492.png": "i5", "0512.png": "pl5", "0322.png": "p26", "0711.png": "w57", "0253.png": "pl60", "2781.png": "i4", "1953.png": "pne", "1858.png": "ip", "0294.png": "po", "2618.png": "pl30", "2318.png": "pl80", "2228.png": "pl80", "3199.png": "ip", "1758.png": "i4", "0072.png": "p26", "2512.png": "pl40", "3647.png": "pl60", "1863.png": "io", "0668.png": "pl50", "3673.png": "p5", "0406.png": "w57", "2083.png": "p11", "2256.png": "i4", "2623.png": "p11", "1698.png": "ip", "0526.png": "p5", "1908.png": "p23", "3303.png": "io", "3469.png": "pn", "3728.png": "i4", "0214.png": "pl30", "2046.png": "ip", "0513.png": "w57", "0004.png": "w57", "2789.png": "i4", "1738.png": "pn", "1186.png": "i4", "0972.png": "p11", "2970.png": "pl40", "0951.png": "pl60", "1290.png": "pn", "1936.png": "pl5", "1233.png": "pl30", "1525.png": "pn", "3677.png": "p11", "2051.png": "po", "0438.png": "i5", "2434.png": "p23", "2876.png": "i2", "2127.png": "pl30", "0845.png": "pl40", "1950.png": "pl60", "2588.png": "w57", "2892.png": "pl5", "0445.png": "pl60", "1119.png": "p5", "0425.png": "pl30", "3091.png": "pl5", "2261.png": "i2", "1329.png": "p5", "0572.png": "pl30", "0704.png": "ip", "0710.png": "i5", "2418.png": "po", "3503.png": "pl5", "0820.png": "pn", "2675.png": "pl80", "3616.png": "p5", "2722.png": "pl80", "3357.png": "p11", "3355.png": "p26", "1622.png": "pl5", "1053.png": "p23", "3054.png": "pl30", "1334.png": "w57", "0904.png": "pne", "1813.png": "p5", "2173.png": "p23", "3787.png": "p23", "2322.png": "pl5", "3362.png": "w57", "1101.png": "i5", "2333.png": "ip", "0066.png": "i5", "2047.png": "pne", "0443.png": "pl30", "1277.png": "w57", "2244.png": "i2", "0825.png": "io", "2365.png": "pl40", "0197.png": "pl40", "0180.png": "p26", "1330.png": "pn", "2889.png": "w57", "3626.png": "p23", "1212.png": "pl60", "1914.png": "p23", "3314.png": "io", "2870.png": "w57", "0581.png": "pl80", "3131.png": "ip", "1431.png": "p23", "1580.png": "p26", "2988.png": "io", "0969.png": "pl30", "3716.png": "i2", "2042.png": "w57", "2074.png": "pne", "0516.png": "pn", "0558.png": "pl60", "0874.png": "pne", "2594.png": "io", "1478.png": "pl30", "2023.png": "pl50", "1311.png": "pl30", "3176.png": "pne", "3007.png": "p5", "0924.png": "ip", "1724.png": "p11", "2587.png": "io", "0992.png": "p26", "3293.png": "io", "2936.png": "i2", "0251.png": "pl40", "2800.png": "pl40", "3136.png": "pne", "2704.png": "i4", "3774.png": "pn", "2163.png": "io", "0254.png": "i5", "1965.png": "w57", "2077.png": "pne", "2235.png": "p26", "2410.png": "i4", "1959.png": "pne", "2993.png": "p26", "2926.png": "pn", "1973.png": "ip", "0244.png": "p11", "2519.png": "pl60", "2677.png": "pl40", "1852.png": "pl5", "2347.png": "pl5", "2411.png": "p11", "1362.png": "i5", "0802.png": "pl80", "0005.png": "pl60", "3555.png": "i4", "1354.png": "io", "2825.png": "pl60", "3457.png": "pne", "1579.png": "p5", "2959.png": "i5", "1175.png": "po", "0880.png": "p26", "2003.png": "p11", "1305.png": "i5", "1045.png": "pl5", "1835.png": "pl50", "2902.png": "p5", "2868.png": "io", "3559.png": "p5", "2164.png": "po", "2400.png": "pl60", "2989.png": "po", "3681.png": "pl30", "2309.png": "i4", "1098.png": "pl30", "2218.png": "pne", "0917.png": "ip", "2155.png": "i4", "1433.png": "i2", "1099.png": "pl60", "0306.png": "i2", "1266.png": "i5", "2337.png": "p11", "3683.png": "i4", "0958.png": "pl40", "0415.png": "ip", "1897.png": "i5", "0117.png": "pl30", "0786.png": "p5", "3345.png": "io", "1304.png": "i5", "3741.png": "pl60", "2724.png": "pl40", "3272.png": "p26", "1215.png": "pl40", "2969.png": "p5", "2794.png": "p5", "3123.png": "i2", "1511.png": "pne", "1017.png": "pl30", "0041.png": "pl80", "2679.png": "i2", "3789.png": "i5", "3508.png": "i5", "1583.png": "pl80", "1370.png": "pne", "3754.png": "pn", "2862.png": "pl40", "2274.png": "p26", "0585.png": "pl80", "0891.png": "i5", "2442.png": "io", "1122.png": "po", "2686.png": "i5", "1671.png": "pl5", "1751.png": "i5", "1395.png": "i2", "1237.png": "p5", "1784.png": "io", "3049.png": "pl80", "2918.png": "p23", "0292.png": "pl5", "2668.png": "pl5", "2860.png": "pl80", "0894.png": "w57", "3038.png": "i4", "2387.png": "pl30", "1335.png": "p5", "1974.png": "ip", "2449.png": "p26", "2664.png": "i4", "1828.png": "w57", "2625.png": "p26", "2425.png": "p11", "3183.png": "i5", "2723.png": "p5", "3182.png": "pl80", "3398.png": "i5", "2451.png": "pl30", "1097.png": "pne", "0721.png": "pl50", "1543.png": "pl50", "3442.png": "i2", "3711.png": "pl40", "2413.png": "i2", "2419.png": "p23", "1138.png": "p23", "0013.png": "p11", "0940.png": "pl50", "1829.png": "p11", "3158.png": "pl80", "0149.png": "i4", "1293.png": "p11", "0469.png": "i4", "0257.png": "i4", "0271.png": "io", "2893.png": "p5", "2461.png": "p5", "1685.png": "p11", "0955.png": "p23", "1184.png": "pl30", "0692.png": "pl30", "1663.png": "p11", "2807.png": "po", "1900.png": "ip", "3522.png": "p23", "0952.png": "p11", "0466.png": "p5", "3221.png": "pl50", "0317.png": "i4", "3585.png": "po", "0645.png": "po", "0899.png": "p11", "3075.png": "i5", "2152.png": "pn", "3650.png": "p23", "0993.png": "pl40", "1479.png": "pn", "0122.png": "i2", "0023.png": "i2", "0302.png": "i4", "2494.png": "pl80", "1451.png": "i2", "2305.png": "pl50", "2537.png": "p11", "3070.png": "io", "3352.png": "p11", "0159.png": "p11", "2973.png": "p5", "1604.png": "pl80", "2008.png": "pl80", "0872.png": "pl5", "2937.png": "i4", "0234.png": "i2", "0913.png": "pl60", "1323.png": "pne", "0228.png": "pl60", "1586.png": "w57", "1034.png": "pl60", "1276.png": "pl5", "3285.png": "pl30", "2277.png": "pl60", "1697.png": "io", "0416.png": "pl5", "3795.png": "i5", "1289.png": "pl40", "2856.png": "ip", "3750.png": "i5", "1201.png": "pn", "0081.png": "p23", "1655.png": "i5", "2489.png": "pl60", "2266.png": "pl80", "3328.png": "pl80", "3777.png": "pl50", "1544.png": "pn", "2085.png": "pl40", "2787.png": "p23", "0362.png": "p23", "2154.png": "pl30", "1200.png": "i5", "0153.png": "ip", "0215.png": "ip", "1249.png": "i2", "2105.png": "pl50", "1355.png": "i5", "1376.png": "pl60", "3354.png": "i2", "1654.png": "i5", "3306.png": "p26", "1696.png": "po", "1607.png": "p5", "2783.png": "w57", "2669.png": "p11", "1877.png": "p23", "1065.png": "pl30", "3458.png": "po", "2561.png": "i2", "0745.png": "p11", "0199.png": "pl50", "2570.png": "i2", "2123.png": "pne", "3173.png": "pl80", "3044.png": "pl80", "3274.png": "pl30", "1208.png": "po", "2403.png": "ip", "1456.png": "w57", "2571.png": "w57", "2369.png": "io", "2932.png": "pl30", "2446.png": "pne", "0401.png": "w57", "0602.png": "pl60", "0461.png": "pn", "1228.png": "pne", "2251.png": "p23", "0037.png": "p11", "1633.png": "i2", "3638.png": "pl60", "0423.png": "pn", "1259.png": "pl5", "0687.png": "pl30", "3552.png": "p11", "0610.png": "io", "2622.png": "pn", "1198.png": "w57", "0264.png": "pl30", "1449.png": "io", "0765.png": "pn", "0926.png": "i4", "0229.png": "io", "1703.png": "pl5", "3694.png": "ip", "3679.png": "pl50", "1162.png": "i4", "1316.png": "pl50", "3252.png": "ip", "1689.png": "i5", "0907.png": "i4", "0428.png": "io", "1793.png": "i5", "0914.png": "i4", "2204.png": "po", "2720.png": "p26", "3597.png": "pn", "0069.png": "i5", "2535.png": "i4", "1054.png": "p5", "0990.png": "pn", "2917.png": "ip", "2239.png": "pl30", "1943.png": "pl30", "0667.png": "pl50", "2366.png": "i4", "1632.png": "pl50", "1593.png": "w57", "0007.png": "i4", "1939.png": "i2", "1864.png": "p23", "0653.png": "pn", "0171.png": "i4", "3080.png": "pn", "0375.png": "pn", "1473.png": "p23", "0490.png": "io", "1116.png": "pne", "0078.png": "p26", "2739.png": "p11", "0678.png": "p23", "1833.png": "ip", "1895.png": "pl80", "2361.png": "i5", "3348.png": "w57", "0754.png": "pl80", "2769.png": "pne", "0093.png": "po", "0868.png": "i4", "0097.png": "ip", "0288.png": "pl80", "1263.png": "i5", "3316.png": "p5", "0539.png": "pne", "1728.png": "pl80", "0045.png": "ip", "3112.png": "ip", "0729.png": "pl40", "2473.png": "i4", "3120.png": "ip", "3291.png": "pl5", "1913.png": "p23", "0411.png": "p5", "1383.png": "po", "0083.png": "p23", "3696.png": "i2", "1961.png": "i2", "0025.png": "ip", "1262.png": "p26", "0908.png": "i4", "0659.png": "pl30", "1661.png": "pl40", "0743.png": "p26", "1709.png": "i5", "2525.png": "po", "3727.png": "p5", "2513.png": "ip", "0887.png": "p11", "0299.png": "pl40", "2138.png": "w57", "1322.png": "i4", "2912.png": "pl30", "2407.png": "pl5", "0276.png": "w57", "1952.png": "io", "3247.png": "p5", "1296.png": "pn", "0044.png": "pl60", "3205.png": "pl50", "2254.png": "w57", "2977.png": "pn", "1199.png": "w57", "2784.png": "po", "3242.png": "p11", "3714.png": "pl5", "0911.png": "pl5", "0683.png": "po", "1526.png": "p26", "1870.png": "i5", "2665.png": "po", "0174.png": "p26", "1281.png": "p26", "2648.png": "pl80", "0056.png": "i2", "2485.png": "ip", "2671.png": "po", "3697.png": "p11", "1267.png": "pl30", "1691.png": "p26", "1192.png": "pl60", "1482.png": "po", "2134.png": "w57", "3077.png": "pne", "1569.png": "pn", "1210.png": "pl40", "3206.png": "pn", "3019.png": "i2", "1457.png": "i2", "2666.png": "pl50", "2222.png": "p26", "1861.png": "w57", "2079.png": "io", "0452.png": "pl60", "3198.png": "pn", "1712.png": "pl80", "2423.png": "i5", "0068.png": "pl5", "0806.png": "pn", "1129.png": "pne", "0200.png": "po", "0335.png": "po", "3218.png": "p11", "3743.png": "i4", "1598.png": "pl30", "0532.png": "po", "2533.png": "pl80", "1720.png": "pne", "2805.png": "i4", "3130.png": "pl40", "2714.png": "i2", "1397.png": "pl50", "3675.png": "pn", "0896.png": "p26", "2826.png": "po", "1594.png": "pn", "2249.png": "po", "0269.png": "io", "2849.png": "p23", "0323.png": "po", "0207.png": "pn", "0983.png": "pl40", "0471.png": "pl80", "3563.png": "pl40", "1734.png": "ip", "1346.png": "i4", "2730.png": "i4", "2990.png": "pn", "3735.png": "p5", "1666.png": "io", "1029.png": "p11", "2464.png": "pl80", "0191.png": "pl40", "0033.png": "pl40", "2178.png": "p26", "2025.png": "ip", "1642.png": "ip", "0150.png": "pl80", "3317.png": "p23", "2431.png": "pl5", "3188.png": "i4", "0769.png": "pl50", "1597.png": "ip", "0641.png": "pl50", "3553.png": "i5", "0169.png": "pl5", "0369.png": "pl30", "1088.png": "pl60", "1893.png": "i4", "0718.png": "i4", "2213.png": "p23", "0433.png": "i5", "1682.png": "pl5", "0499.png": "pl60", "1534.png": "i4", "2960.png": "po", "1872.png": "pl60", "1110.png": "pn", "0243.png": "i4", "2060.png": "pl50", "1760.png": "io", "0446.png": "i2", "2183.png": "p26", "1819.png": "pl80", "2883.png": "i5", "2604.png": "pl50", "3490.png": "po", "3139.png": "pl60", "3169.png": "pl50", "3511.png": "i5", "2368.png": "p5", "1442.png": "po", "2381.png": "ip", "0280.png": "p23", "1026.png": "pne", "2340.png": "p11", "1932.png": "ip", "1400.png": "pl60", "1919.png": "io", "3115.png": "pl40", "3035.png": "p5", "2390.png": "i5", "0330.png": "io", "1144.png": "ip", "0980.png": "pl40", "2905.png": "i4", "2736.png": "p5", "2747.png": "pl60", "3081.png": "pl80", "1513.png": "pl5", "1619.png": "io", "3287.png": "pl50", "3617.png": "pl30", "3651.png": "pne", "2263.png": "pl50", "1957.png": "pn", "2342.png": "pl30", "0076.png": "p5", "1234.png": "pl50", "0404.png": "p23", "2032.png": "i4", "2822.png": "pne", "2412.png": "p5", "2831.png": "ip", "2627.png": "pl60", "0511.png": "ip", "2708.png": "pl40", "2510.png": "i5", "1894.png": "pn", "0575.png": "i2", "2013.png": "i5", "0475.png": "po", "0413.png": "po", "2201.png": "w57", "2259.png": "pl5", "1659.png": "p26", "2606.png": "p11", "1055.png": "i5", "2934.png": "pl60", "0319.png": "p23", "1093.png": "p11", "0148.png": "i4", "0573.png": "pl30", "0666.png": "pne", "0957.png": "p23", "0577.png": "ip", "3603.png": "i5", "2848.png": "pl30", "0002.png": "ip", "0609.png": "ip", "3318.png": "pl60", "3060.png": "pl30", "1993.png": "p26", "3622.png": "w57", "3358.png": "pne", "1141.png": "pn", "1656.png": "ip", "1606.png": "po", "2911.png": "pl60", "2141.png": "ip", "1816.png": "i4", "1845.png": "p23", "0616.png": "pl80", "2107.png": "pl80", "3455.png": "p5", "2294.png": "ip", "0954.png": "pl40", "0481.png": "w57", "2160.png": "p5", "2185.png": "pl80", "3446.png": "p23", "0937.png": "p26", "0160.png": "pl40", "1537.png": "w57", "1183.png": "w57", "2590.png": "io", "1202.png": "pl60", "0592.png": "pl5", "2589.png": "p11", "1168.png": "ip", "2891.png": "w57", "1926.png": "ip", "2353.png": "i2", "3704.png": "p5", "0417.png": "p26", "2288.png": "p5", "2949.png": "pl50", "2460.png": "pl80", "2075.png": "p11", "0042.png": "p11", "0298.png": "pl80", "2693.png": "pl80", "1752.png": "pl50", "1339.png": "pn", "0300.png": "p11", "2859.png": "i5", "2828.png": "pl40", "1885.png": "pl60", "2745.png": "i2", "3403.png": "pl50", "1062.png": "w57", "3122.png": "ip", "0434.png": "po", "0327.png": "pl30", "0503.png": "pl5", "0349.png": "pl50", "3521.png": "p23", "0938.png": "i4", "1966.png": "pl5", "0660.png": "i4", "1345.png": "pl80", "3223.png": "w57", "3630.png": "p23", "1554.png": "pl50", "0137.png": "pl40", "0429.png": "po", "3046.png": "i4", "0205.png": "ip", "0119.png": "po", "2285.png": "pl40", "1348.png": "po", "3529.png": "pl50", "0961.png": "i2", "0291.png": "pl60", "0412.png": "pl80", "3596.png": "io", "0170.png": "pl5", "2992.png": "pn", "3605.png": "pl60", "2695.png": "pl60", "1142.png": "ip", "2002.png": "io", "1558.png": "pl30", "1527.png": "i2", "0567.png": "pl30", "2552.png": "p5", "2317.png": "i5", "0185.png": "ip", "2484.png": "i5", "1419.png": "i4", "0944.png": "i5", "2121.png": "pl5", "3022.png": "i4", "2562.png": "i5", "3776.png": "i5", "2038.png": "pl80", "2735.png": "i4", "2345.png": "pl60", "3351.png": "p23", "3666.png": "p11", "2441.png": "i2", "1455.png": "pl30", "1759.png": "i5", "1437.png": "i4", "2885.png": "io", "0232.png": "pn", "1193.png": "pl40", "1235.png": "w57", "1148.png": "pne", "3014.png": "pl50", "3684.png": "p11", "0379.png": "pl50", "1991.png": "p11", "3481.png": "pne", "3586.png": "pl80", "2726.png": "p26", "2070.png": "pl80", "2170.png": "p23", "2049.png": "po", "1559.png": "p23", "0810.png": "pl80", "3756.png": "pne", "0259.png": "pl60", "0893.png": "pl5", "3016.png": "pl80", "2311.png": "po", "2972.png": "pl80", "3621.png": "i5", "1964.png": "p23", "0960.png": "i4", "0793.png": "w57", "0094.png": "pl50", "1978.png": "pn", "1458.png": "pl80", "2585.png": "p26", "1292.png": "p5", "2133.png": "pl80", "2711.png": "io", "0221.png": "pl40", "3385.png": "i5", "2205.png": "ip", "0507.png": "pl50", "3050.png": "i2", "2258.png": "pl30", "2247.png": "p26", "2727.png": "po", "3505.png": "pl30", "2375.png": "pne", "3095.png": "pl40", "2806.png": "pl60", "2980.png": "io", "0895.png": "pl5", "2385.png": "io", "0152.png": "i2", "1137.png": "pl5", "0919.png": "ip", "0268.png": "i2", "3422.png": "pl30", "0289.png": "p11", "0947.png": "pn", "1006.png": "i2", "2975.png": "i4", "3688.png": "p23", "1529.png": "p26", "0533.png": "p5", "1962.png": "i5", "3722.png": "pl40", "1779.png": "p23", "1901.png": "pn", "0035.png": "i4", "3195.png": "i4", "3648.png": "pl80", "1676.png": "po", "0649.png": "p5", "2177.png": "p26", "0391.png": "p26", "1910.png": "p11", "3479.png": "pl80", "1882.png": "w57", "0360.png": "p26", "2834.png": "pl30", "2853.png": "ip", "3568.png": "pl5", "0346.png": "pl40", "3678.png": "pne", "0422.png": "i4", "3583.png": "i4", "3730.png": "pne", "1274.png": "w57", "3279.png": "io", "2780.png": "pl80", "3486.png": "pl50", "1071.png": "pl5", "2021.png": "pl40", "2374.png": "w57", "1359.png": "pn", "2323.png": "pne", "2898.png": "ip", "0266.png": "pne", "2230.png": "pl5", "1165.png": "p26", "3138.png": "pn", "2304.png": "pne", "0538.png": "p26", "1429.png": "w57", "3466.png": "ip", "0761.png": "w57", "1609.png": "i5", "0130.png": "po", "3319.png": "pl80", "3443.png": "i5", "1047.png": "po", "0364.png": "p5", "2948.png": "pl40", "0506.png": "po", "2267.png": "io", "1530.png": "po", "2344.png": "pne", "2202.png": "pl5", "3266.png": "pl80", "2821.png": "pl30", "2833.png": "pl40", "0196.png": "w57", "1240.png": "pne", "1576.png": "pn", "3439.png": "p11", "3528.png": "pne", "3378.png": "i2", "1815.png": "pl40", "2894.png": "pn", "0624.png": "pl80", "2378.png": "p23", "3373.png": "po", "3196.png": "p5", "1124.png": "w57", "3698.png": "pl5", "0677.png": "ip", "0626.png": "pl80", "1157.png": "i4", "3389.png": "ip", "2548.png": "i2", "0890.png": "po", "3232.png": "pl30", "2951.png": "p26", "0807.png": "pne", "2372.png": "p26", "1002.png": "pl30", "2979.png": "pl40", "3656.png": "pl30", "2264.png": "p26", "3117.png": "p5", "3426.png": "p5", "1491.png": "pl30", "0110.png": "ip", "3296.png": "w57", "1741.png": "pl40", "1892.png": "i4", "0759.png": "pne", "2864.png": "w57", "0307.png": "pl5", "2462.png": "w57", "2705.png": "i5", "2656.png": "i2", "0661.png": "pn", "3191.png": "pl40", "3102.png": "pl40", "3305.png": "io", "0141.png": "io", "1944.png": "p23", "0709.png": "i4", "2744.png": "i4", "1783.png": "p26", "0060.png": "pl5", "2463.png": "p5", "0365.png": "i2", "1669.png": "i4", "1909.png": "pne", "1133.png": "ip", "3062.png": "i4", "0545.png": "ip", "3125.png": "pl40", "1091.png": "pl60", "3150.png": "pl80", "3513.png": "p23", "2698.png": "po", "2209.png": "p11", "2733.png": "p23", "3275.png": "i4", "2236.png": "pl40", "1994.png": "pl5", "0059.png": "p23", "0936.png": "w57", "0630.png": "p26", "0329.png": "w57", "2383.png": "i5", "0617.png": "pl50", "0855.png": "pl80", "1004.png": "pl30", "0063.png": "pl40", "1342.png": "w57", "1131.png": "po", "0639.png": "pn", "3073.png": "ip", "2303.png": "pl60", "1810.png": "pl30", "3755.png": "p23", "1462.png": "p5", "1515.png": "io", "0128.png": "i4", "2346.png": "p23", "1555.png": "w57", "2913.png": "pl5", "1021.png": "p11", "2421.png": "pl5", "0121.png": "p23", "2715.png": "pne", "3194.png": "io", "1426.png": "pl30", "2772.png": "pl80", "1775.png": "pl60", "2909.png": "pn", "0432.png": "io", "1862.png": "po", "1425.png": "po", "2630.png": "p26", "1042.png": "pl30", "0850.png": "pn", "0946.png": "pl80", "3201.png": "i2", "2066.png": "p5", "1859.png": "i5", "3500.png": "pl60", "0095.png": "pl80", "1331.png": "p26", "3773.png": "pne", "2542.png": "pl80", "0378.png": "pl5", "3239.png": "pl60", "0550.png": "i4", "0359.png": "p11", "2476.png": "pl80", "1402.png": "i2", "1020.png": "p26", "1674.png": "p11", "3672.png": "pl40", "3032.png": "p23", "3771.png": "p23", "1947.png": "pl30", "0046.png": "ip", "0804.png": "pne", "1333.png": "p5", "2712.png": "w57", "1393.png": "pn", "0213.png": "p23", "2659.png": "i4", "1064.png": "pl50", "3040.png": "io", "0865.png": "pn", "1320.png": "io", "3463.png": "pl50", "2690.png": "p23", "1313.png": "pne", "1948.png": "pl5", "1452.png": "p23", "1000.png": "po", "2569.png": "i2", "2211.png": "pne", "3262.png": "pl40", "0881.png": "i4", "0632.png": "ip", "0727.png": "p11", "0929.png": "pl50", "2424.png": "po", "0071.png": "pl50", "0843.png": "p23", "2356.png": "pl5", "0225.png": "po", "0440.png": "io", "2861.png": "i2", "1256.png": "i4", "1327.png": "pl40", "1024.png": "pl80", "2765.png": "p26", "0901.png": "pl50", "2598.png": "p23", "3718.png": "pne", "0560.png": "pl5", "0039.png": "pn", "3561.png": "p5", "0847.png": "i2", "1413.png": "pl30", "0267.png": "pl80", "1111.png": "pl30", "0701.png": "p11", "2753.png": "pne", "2165.png": "p11", "0073.png": "i2", "1302.png": "pl30", "3210.png": "p23", "0212.png": "pn", "1891.png": "pl30", "3127.png": "i4", "2857.png": "pl60", "2524.png": "p26", "0534.png": "po", "3089.png": "i4", "1660.png": "pl60", "1726.png": "p11", "0622.png": "pl5", "2599.png": "pl80", "1827.png": "pne", "2981.png": "p5", "1856.png": "pl50", "2647.png": "pn", "1308.png": "p5", "3149.png": "pl50", "1849.png": "w57", "0006.png": "w57", "3667.png": "i5", "1803.png": "pl30", "3027.png": "p26", "2958.png": "p11", "2143.png": "pl60", "0664.png": "i2", "0686.png": "p5", "1956.png": "w57", "0752.png": "p26", "2770.png": "i4", "1391.png": "i5", "1638.png": "i2", "3234.png": "i4", "0405.png": "p5", "3783.png": "pl50", "1066.png": "ip", "0262.png": "ip", "3640.png": "pn", "1046.png": "pl5", "1001.png": "p5", "2433.png": "pl50", "1718.png": "pl30", "1608.png": "p5", "0012.png": "p5", "0900.png": "ip", "2492.png": "pl60", "1377.png": "ip", "2174.png": "i2", "2149.png": "pl40", "0877.png": "pn", "2976.png": "pl40", "3366.png": "pne", "0959.png": "pl5", "0393.png": "pl5", "3670.png": "p11", "0603.png": "i4", "1842.png": "pl50", "0596.png": "pl5", "0791.png": "pne", "1497.png": "p11", "1840.png": "w57", "0724.png": "i5", "0689.png": "pne", "3587.png": "p26", "2478.png": "pl80", "1392.png": "i2", "2811.png": "i4", "2167.png": "p26", "1459.png": "pl40", "1273.png": "io", "0470.png": "pn", "2978.png": "pl60", "0239.png": "pl60", "1115.png": "pl50", "0611.png": "i5", "3520.png": "i4", "3751.png": "p11", "2768.png": "pl30", "1299.png": "p11", "1955.png": "i4", "3175.png": "io", "0601.png": "io", "1841.png": "i4", "0523.png": "i2", "3464.png": "p26", "2071.png": "p5", "1430.png": "p23", "0510.png": "po", "1424.png": "pl30", "0953.png": "pl50", "0987.png": "pl60", "1030.png": "pl40", "2499.png": "p23", "0109.png": "pl40", "0556.png": "w57", "1488.png": "pl40", "1150.png": "pne", "1799.png": "io", "0605.png": "pl60", "1729.png": "p5", "2968.png": "pl40", "0652.png": "pl50", "0014.png": "p5", "0832.png": "io", "1884.png": "i5", "0340.png": "p26", "1889.png": "p23", "2197.png": "p23", "1324.png": "i2", "3509.png": "p11", "2215.png": "io", "1203.png": "pne", "0565.png": "w57", "2384.png": "pne", "3084.png": "pne", "3732.png": "pl50", "2245.png": "pl50", "0662.png": "pl50", "2732.png": "pl60", "0856.png": "p11", "0882.png": "io", "2685.png": "ip", "0836.png": "pl40", "0519.png": "p5", "0646.png": "pl80", "1561.png": "pl30", "3707.png": "pne", "1592.png": "pl80", "2929.png": "pl50", "1518.png": "pn", "1832.png": "w57", "0857.png": "io", "0011.png": "p11", "3248.png": "pn", "1090.png": "i2", "0184.png": "p11", "3715.png": "p5", "3749.png": "i5", "3786.png": "pl60", "3430.png": "pl5", "2439.png": "po", "3107.png": "io", "1865.png": "ip", "3415.png": "i5", "0923.png": "pl60", "3459.png": "pl30", "1998.png": "i5", "0918.png": "pl30", "1396.png": "pl40", "1485.png": "pne", "1639.png": "pne", "1013.png": "pne", "3290.png": "pl60", "3687.png": "pl30", "2797.png": "io", "3723.png": "p11", "2100.png": "pn", "1498.png": "pl60", "2767.png": "pl80", "1753.png": "pl30", "0809.png": "pl30", "0052.png": "p11", "0410.png": "pl5", "0018.png": "po", "2545.png": "pl50", "3154.png": "i4", "0164.png": "pl60", "1104.png": "p26", "0284.png": "pl80", "0515.png": "p11", "3436.png": "pl50", "2933.png": "ip", "2580.png": "i5", "3051.png": "pl80", "1294.png": "p5", "1325.png": "w57", "1757.png": "pl30", "2194.png": "i2", "0968.png": "po", "0693.png": "p11", "0258.png": "pl50", "2172.png": "pl50", "1762.png": "po", "1602.png": "pl60", "0546.png": "p11", "0019.png": "pne", "2017.png": "w57", "0326.png": "pn", "1180.png": "pl40", "0376.png": "p11", "3778.png": "p26", "1265.png": "p26", "0384.png": "i5", "0070.png": "io", "2291.png": "pl80", "3747.png": "pl5", "0889.png": "pne", "2636.png": "pl40", "1418.png": "p23", "1152.png": "io", "2380.png": "pl60", "3048.png": "i5", "2719.png": "p26", "3257.png": "pl5", "0310.png": "p26", "0708.png": "ip", "1078.png": "pne", "3792.png": "pl80", "0967.png": "p11", "0414.png": "p5", "0075.png": "p5", "1171.png": "pl80", "1983.png": "i2", "2501.png": "i5", "2839.png": "ip", "3256.png": "i4", "0343.png": "p26", "1662.png": "w57", "0437.png": "io", "0628.png": "pl5", "1146.png": "p26", "1730.png": "w57", "2445.png": "w57", "1618.png": "io", "0275.png": "p11", "1756.png": "ip", "3338.png": "pl50", "1954.png": "pl60", "1444.png": "p26", "0193.png": "pl5", "2575.png": "po", "3099.png": "pl50", "2754.png": "pl40", "0905.png": "pl30", "1218.png": "io", "0813.png": "po", "0114.png": "ip", "3512.png": "p26", "1715.png": "pl60", "0680.png": "pn", "3343.png": "pl80", "2409.png": "i5", "0015.png": "i5", "2994.png": "pne", "0862.png": "p26", "1076.png": "pl30", "3689.png": "pl60", "1481.png": "pne", "1094.png": "i5", "0125.png": "pne", "3020.png": "p26", "0528.png": "pl60", "2940.png": "pl40", "1248.png": "pn", "1356.png": "pl80", "3381.png": "pl80", "2879.png": "pne", "0032.png": "po", "0489.png": "pl5", "1809.png": "p26", "2069.png": "p11", "1898.png": "pl80", "2320.png": "p11", "0385.png": "w57", "1542.png": "p26", "3151.png": "pl5", "0870.png": "w57", "2952.png": "pl50", "0964.png": "pne", "2014.png": "pl40", "3556.png": "pn", "3720.png": "i4", "0314.png": "pl30", "0594.png": "io", "1658.png": "pne", "3404.png": "pl80", "1521.png": "pl30", "2886.png": "p26", "3535.png": "w57", "1032.png": "i2", "0551.png": "pl30", "2096.png": "pl40", "0493.png": "io", "3228.png": "i4", "0106.png": "pl80", "0325.png": "p5", "0599.png": "w57", "3517.png": "p26", "3088.png": "p23", "1321.png": "p23", "2703.png": "pl60", "2803.png": "po", "1357.png": "pn", "0837.png": "pn", "3567.png": "p11", "0272.png": "ip", "0726.png": "pl50", "0604.png": "p26", "2234.png": "w57", "0099.png": "w57", "0206.png": "po", "2114.png": "p5", "3566.png": "pn", "2987.png": "pl60", "0773.png": "pl50", "1403.png": "p5", "3311.png": "i2", "3693.png": "pn", "2050.png": "w57", "2427.png": "p26", "1846.png": "i4", "2983.png": "i5", "2939.png": "po", "3222.png": "pl80", "2515.png": "io", "0902.png": "io", "2655.png": "pn", "3411.png": "p26", "3627.png": "pl40", "0140.png": "pl40", "1398.png": "pl30", "0074.png": "i4", "3372.png": "po", "1239.png": "pl5", "2964.png": "ip", "1806.png": "io", "3229.png": "pne", "1778.png": "pl40", "3763.png": "pne", "1938.png": "pl40", "0755.png": "p5", "2549.png": "ip", "1640.png": "pl30", "0520.png": "pl50", "0974.png": "pl60", "1596.png": "p26", "3028.png": "p23", "3541.png": "w57", "0861.png": "p23", "2907.png": "pl30", "0031.png": "pl40", "3623.png": "w57", "1571.png": "pl40", "3636.png": "pl5", "3336.png": "i5", "2253.png": "ip", "3159.png": "pn", "0380.png": "w57", "2315.png": "pl50", "2843.png": "w57", "2161.png": "i2", "1135.png": "p5", "2302.png": "i5", "2706.png": "p26", "3069.png": "ip", "3167.png": "w57", "3702.png": "w57", "2984.png": "pn", "3449.png": "pn", "0681.png": "pne", "0290.png": "i4", "2472.png": "p26", "3416.png": "p26", "2332.png": "pne", "1257.png": "p26", "2040.png": "p11", "0684.png": "pl60", "1837.png": "pn", "0436.png": "io", "3527.png": "p11", "3254.png": "w57", "1379.png": "ip", "2692.png": "i5", "3461.png": "ip", "0746.png": "i2", "2610.png": "p11", "0627.png": "pl5", "0854.png": "ip", "2293.png": "p26", "1700.png": "i5", "1190.png": "pne", "1264.png": "pl80", "2576.png": "p11", "2367.png": "pl80", "1514.png": "w57", "2187.png": "pl30", "1461.png": "p23", "0571.png": "pl60", "2166.png": "pne", "1722.png": "pn", "2250.png": "po", "0333.png": "pl60", "1109.png": "pl80", "1288.png": "i5", "3055.png": "p26", "2778.png": "i4", "0903.png": "pne", "0176.png": "ip", "3744.png": "pl60", "3431.png": "p5", "2919.png": "w57", "3029.png": "p5", "1887.png": "p5", "1189.png": "pl50", "2528.png": "p26", "0342.png": "ip", "1074.png": "pne", "1008.png": "i5", "0067.png": "i2", "0977.png": "p26", "0261.png": "p23", "3588.png": "p26", "3576.png": "i5", "3456.png": "p26", "0389.png": "pl30", "3453.png": "p26", "1303.png": "p5", "3215.png": "pl40", "2171.png": "p26", "2882.png": "pl80", "3216.png": "pl5", "2033.png": "p23", "3156.png": "io", "0801.png": "i2", "2491.png": "p11", "0301.png": "w57", "2151.png": "pl5", "0789.png": "pl60", "3420.png": "pne", "3399.png": "io", "0514.png": "io", "2967.png": "pl50", "1923.png": "p5", "0145.png": "p26", "0766.png": "p5", "0332.png": "pl40", "3327.png": "ip", "3280.png": "pl60", "3140.png": "p23", "1785.png": "pne", "2186.png": "i2", "1797.png": "pl40", "0352.png": "pl60", "3654.png": "i2", "3780.png": "po", "2890.png": "p5", "2162.png": "p11", "2148.png": "i4", "3571.png": "p11", "0478.png": "ip", "1318.png": "pl40", "0165.png": "pl60", "2457.png": "pl50", "1903.png": "pne", "2113.png": "pl5", "0656.png": "i4", "1502.png": "pl40", "1702.png": "pn", "1077.png": "w57", "3181.png": "pl80", "3261.png": "p23", "0606.png": "pn", "0691.png": "pl50", "0723.png": "i5", "3631.png": "p5", "3575.png": "p26", "0559.png": "ip", "0105.png": "w57", "3090.png": "pl50", "0053.png": "pn", "3397.png": "p26", "0733.png": "w57", "2062.png": "i5", "3119.png": "p5", "2605.png": "p11", "2925.png": "io", "3476.png": "i5", "1794.png": "w57", "3177.png": "w57", "3408.png": "pl50", "0871.png": "po", "1347.png": "pne", "3109.png": "pne", "2827.png": "po", "0361.png": "pl30", "0876.png": "pn", "1549.png": "pl80", "1338.png": "pl5", "2998.png": "io", "2452.png": "po", "2455.png": "p11", "1371.png": "io", "2544.png": "pl60", "2273.png": "pn", "2718.png": "i5", "3601.png": "i2", "0465.png": "pl5", "3633.png": "pl30", "0522.png": "p23", "2242.png": "pl60", "1231.png": "pl5", "1220.png": "pl80", "3775.png": "pl40", "1079.png": "pne", "3752.png": "pn", "2020.png": "p26", "0685.png": "i5", "3706.png": "po", "3186.png": "pn", "2099.png": "p26", "3450.png": "p11", "2223.png": "io", "1538.png": "i5", "0966.png": "pn", "0102.png": "pl50", "0235.png": "ip", "2093.png": "i5", "3676.png": "i5", "2741.png": "i2", "1072.png": "p11", "0450.png": "pl5", "2313.png": "pl40", "0418.png": "io", "1920.png": "pl50", "2156.png": "pl60", "3611.png": "pl60", "1951.png": "p5", "0036.png": "pl50", "0998.png": "p23", "3531.png": "pne", "2852.png": "io", "0277.png": "pl80", "0224.png": "pl5", "0808.png": "pl60", "1603.png": "pl40", "3192.png": "pl50", "0879.png": "p5", "2470.png": "pn", "2503.png": "i5", "2551.png": "pn", "1572.png": "w57", "1562.png": "po", "0211.png": "pl60", "2426.png": "p26", "1243.png": "pl50", "3163.png": "p23", "0077.png": "w57", "1929.png": "pl60", "3237.png": "ip", "0065.png": "p5", "0521.png": "p26", "2881.png": "w57", "2572.png": "i2", "2220.png": "pl5", "3423.png": "pl80", "2447.png": "po", "1686.png": "p5", "0462.png": "pl5", "2064.png": "i2", "3440.png": "pl30", "1103.png": "pl5", "1767.png": "pl30", "3325.png": "pn", "1443.png": "pl5", "1881.png": "p26", "1176.png": "p11", "1204.png": "w57", "0312.png": "i4", "3632.png": "ip", "1972.png": "pl5", "0774.png": "pl50", "1710.png": "pl60", "1307.png": "pl80", "3477.png": "pl80", "3326.png": "i4", "0826.png": "po", "0183.png": "i2", "0713.png": "pn", "1367.png": "pl40", "1317.png": "pl80", "2766.png": "i2", "2388.png": "i2", "1160.png": "i4", "3434.png": "ip", "0293.png": "po", "1227.png": "pl40", "2142.png": "p26", "2296.png": "po", "1912.png": "pn", "2916.png": "pl30", "3504.png": "ip", "2652.png": "p5", "0873.png": "p11", "2500.png": "p11", "0190.png": "pne", "3674.png": "pn", "2428.png": "p11", "2696.png": "pl5", "1967.png": "i5", "3208.png": "pl50", "1743.png": "io", "2808.png": "ip", "2028.png": "pl40", "2743.png": "ip", "0175.png": "p26", "1132.png": "i4", "0256.png": "pl30", "2326.png": "pl40", "3719.png": "pne", "1539.png": "pl40", "1136.png": "p26", "0178.png": "pne", "0613.png": "p11", "1410.png": "pl5", "3250.png": "pl40", "1866.png": "p26", "2088.png": "p11", "1087.png": "pl80", "0794.png": "pl50", "0357.png": "p26", "2558.png": "i2", "0107.png": "p26", "3052.png": "w57", "0749.png": "i5", "1230.png": "p11", "2262.png": "io", "2126.png": "w57", "2505.png": "p26", "0922.png": "p23", "1384.png": "p23", "2887.png": "p23", "1453.png": "w57", "1634.png": "ip", "3448.png": "pl50", "2955.png": "p26", "1194.png": "p11", "3534.png": "p11", "2190.png": "pl50", "1364.png": "pn", "3639.png": "p23", "0233.png": "po", "2140.png": "p11", "2006.png": "p23", "1373.png": "p5", "2297.png": "ip", "1869.png": "w57", "0775.png": "i5", "0971.png": "ip", "2838.png": "io", "3761.png": "p5", "2087.png": "pl40", "0931.png": "pl5", "2301.png": "p23", "3733.png": "p23", "2837.png": "pl50", "3525.png": "p11", "0598.png": "pl30", "1575.png": "pl60", "0320.png": "i2", "0274.png": "pl5", "2511.png": "p5", "0482.png": "pl40", "1987.png": "pl50", "0487.png": "pl60", "1244.png": "pl50", "1113.png": "p5", "2091.png": "io", "0712.png": "p23", "1073.png": "w57", "2106.png": "p26", "3635.png": "pl50", "3424.png": "pl60", "3249.png": "pl40", "3417.png": "pl5", "1484.png": "w57", "1415.png": "pl50", "3717.png": "i5", "1673.png": "p26", "0381.png": "pn", "0356.png": "po", "0237.png": "pl30", "2865.png": "i5", "1857.png": "p23", "0398.png": "p5", "1714.png": "pl30", "0021.png": "pn", "1587.png": "pl5", "2352.png": "i4", "2583.png": "i4", "1432.png": "i2", "2773.png": "i4", "0848.png": "i5", "3093.png": "pl5", "1917.png": "p23", "0509.png": "io", "0612.png": "pl30", "2290.png": "pne", "1448.png": "pl40", "1986.png": "pl5", "1460.png": "ip", "1711.png": "ip", "0395.png": "pl30", "2777.png": "io", "1650.png": "pl40", "2790.png": "pl50", "1651.png": "w57", "3542.png": "pl30", "0524.png": "pl80", "2231.png": "pn", "3691.png": "p11", "2364.png": "pne", "2756.png": "p5", "1369.png": "pl30", "3530.png": "pl80", "3094.png": "io", "3059.png": "i2", "1399.png": "w57", "0690.png": "p5", "0898.png": "pl60", "3211.png": "w57", "2523.png": "pl80", "2804.png": "pl40", "0282.png": "pl40", "0682.png": "po", "3347.png": "pl80", "3064.png": "pl60", "0144.png": "ip", "2324.png": "pl50", "0163.png": "i2", "0113.png": "po", "3619.png": "pl80", "0139.png": "i2", "0790.png": "ip", "0615.png": "p26", "1556.png": "pl80", "2401.png": "ip", "2626.png": "i5", "1934.png": "pl40", "3628.png": "p26", "1617.png": "pl50", "3299.png": "po", "2884.png": "p5", "0249.png": "pn", "1282.png": "pl50", "0764.png": "i5", "0797.png": "pne", "0247.png": "ip", "3546.png": "po", "0768.png": "pn", "2644.png": "p23", "2360.png": "w57", "2574.png": "i4", "0458.png": "pl80", "2954.png": "i5", "2577.png": "pl80", "2716.png": "pl60", "1616.png": "pl30", "2137.png": "pl40", "1454.png": "p23", "3225.png": "po", "2635.png": "w57", "3734.png": "pl50", "2539.png": "pl5", "1300.png": "io", "2043.png": "pn", "1336.png": "i2", "2048.png": "i4", "2871.png": "pl30", "0740.png": "pl5", "0864.png": "p11", "2016.png": "pl60", "1552.png": "pl50", "2216.png": "w57", "2702.png": "pl50", "1446.png": "pl5", "2300.png": "w57", "3581.png": "pl60", "2600.png": "p26", "3387.png": "p23", "1205.png": "pl50", "3664.png": "p11", "3113.png": "p11", "0930.png": "pn", "3645.png": "pl80", "3264.png": "pl30", "2386.png": "pne", "1385.png": "pl30", "0671.png": "pl60", "3101.png": "i4", "3178.png": "w57", "2614.png": "i2", "1946.png": "pl50", "1733.png": "p5", "0055.png": "i2", "0203.png": "pne", "0547.png": "pl40", "2997.png": "i4", "0403.png": "pl5", "0447.png": "io", "3721.png": "pne", "2270.png": "p23", "3126.png": "pl5", "1508.png": "po", "2923.png": "i5", "3341.png": "io", "1139.png": "pl5", "2334.png": "pl60", "3243.png": "pl80", "1156.png": "io", "3406.png": "p11", "0770.png": "p23", "3134.png": "pn", "2943.png": "io", "2398.png": "pl40", "2858.png": "pl60", "2568.png": "pl60", "1653.png": "i4", "0084.png": "p26", "1949.png": "p11", "1272.png": "w57", "1125.png": "pn", "2053.png": "p23", "2608.png": "pn", "3277.png": "pl80", "2944.png": "p26", "1153.png": "pn", "0430.png": "ip", "2621.png": "pl40", "1716.png": "i2", "0088.png": "i4", "2634.png": "pn", "1735.png": "po", "2210.png": "p11", "1084.png": "p26", "3390.png": "i2", "1628.png": "i2", "3475.png": "p26", "2841.png": "p26", "2676.png": "pn", "2339.png": "p5", "3595.png": "pn", "3703.png": "io", "2124.png": "pl60", "3419.png": "pl30", "0841.png": "pl40", "3740.png": "i4", "0111.png": "p26", "2233.png": "p11", "2678.png": "pl50", "3701.png": "po", "1394.png": "pl80", "1522.png": "pl30", "2221.png": "p5", "0024.png": "w57", "1108.png": "i5", "0336.png": "i4", "3438.png": "ip", "2089.png": "ip", "0776.png": "w57", "2921.png": "i4", "2850.png": "pne", "0189.png": "p23", "1911.png": "pl5", "0732.png": "p11", "2395.png": "io", "1445.png": "io", "2176.png": "w57", "3625.png": "ip", "0553.png": "pne", "3526.png": "pn", "3600.png": "io", "0460.png": "p23", "3045.png": "po", "2750.png": "pl60", "1761.png": "pne", "2034.png": "p11", "0202.png": "w57", "1352.png": "pl80", "2507.png": "p26", "1003.png": "io", "2199.png": "i5", "2486.png": "pl50", "2699.png": "pl60", "2846.png": "pl60", "1684.png": "i4", "0963.png": "i4", "3473.png": "pl30", "1528.png": "io", "2468.png": "io", "3025.png": "pl80", "1520.png": "pl30", "2208.png": "pl5", "3074.png": "pl30", "2086.png": "p5", "3072.png": "pn", "3238.png": "i2", "2118.png": "pne", "2823.png": "pl40", "3725.png": "p5", "3329.png": "pl40", "2094.png": "pl30", "2812.png": "pl5", "2904.png": "pl80", "2760.png": "p5", "2080.png": "pl80", "1406.png": "i5", "3164.png": "i4", "1297.png": "pl50", "1477.png": "pl80", "2269.png": "pl50", "2420.png": "i4", "2629.png": "pl40", "1776.png": "pl40", "2974.png": "i4", "1506.png": "i2", "0313.png": "pl30", "0540.png": "pn", "2694.png": "pl60", "1096.png": "i5", "2453.png": "io"}